<?xml version="1.0" encoding="utf-8"?>
<Defs>
	<StatDef>
		<defName>DayVisionEffectiveness</defName>
		<label>daylight vision effectiveness </label>
		<description>Multiplier on the the vision range at daylight of this creature.</description>
		<category>BasicsPawn</category>
		<defaultBaseValue>1.0</defaultBaseValue>
		<hideAtValue>1.0</hideAtValue>
		<minValue>0</minValue>
		<toStringStyle>PercentZero</toStringStyle>
		<displayPriorityInCategory>3500</displayPriorityInCategory>
	</StatDef>
	<StatDef>
		<defName>NightVisionEffectiveness</defName>
		<label>night vision effectiveness </label>
		<description>Multiplier on the the vision range at night of this creature.</description>
		<category>BasicsPawn</category>
		<defaultBaseValue>0.65</defaultBaseValue>
		<hideAtValue>1.0</hideAtValue>
		<minValue>0</minValue>
		<toStringStyle>PercentZero</toStringStyle>
		<displayPriorityInCategory>3500</displayPriorityInCategory>
	</StatDef>	
</Defs>
